Content,Video title,Video publish time,Duration,Impressions,Impressions click-through rate (%),Views,Average view duration,Average percentage viewed (%),Hypes
Total,,,,646705,3.53,66881,0:01:46,21.56,0
xYIieKHG76U,Create a Cameo of Yourself Using Sora 2,"Oct 13, 2025",36,34333,4.65,4219,0:00:26,73.12,0
ACuyKBN3r4s,Perplexity Computer Just Showed Us the Next Era of AI,"Mar 6, 2026",565,33508,6.32,3049,0:02:43,28.99,0
RZzAOIOVY4I,Anthropic Just Fixed Their Biggest Problem With Opus 4.6 (Full Walkthrough),"Feb 7, 2026",967,32994,5.2,2334,0:02:48,17.43,0
OZH7G3tMKHQ,Why is Everyone Buying Mac Minis for OpenClaw?,"Jan 30, 2026",780,30528,6.22,3839,0:03:18,25.51,0
uL3oPFr3Uhg,Everyone Says We're in an AI Bubble. The Data Says Otherwise,"Nov 5, 2025",928,26899,4.61,1785,0:02:46,17.96,0
sJSevt8GuzM,Claude Just Shipped an Operating System. Most Enterprises Aren't Ready,"Apr 23, 2026",446,20012,5.42,1749,0:01:51,25.03,0
no2aoQPhJWA,The Future of AI: 3 Massive Predictions for 2026,"Jan 1, 2026",440,19632,3.58,940,0:01:55,26.28,0
zdhvUlCD0x0,This OpenClaw Vulnerability Could Destroy Your System,"Feb 6, 2026",644,17188,3.21,1441,0:02:44,25.59,0
zqnXW-mm75w,SaaS is Dead? (Not What You Think),"Feb 26, 2026",678,16011,2.22,556,0:02:51,25.28,0
6b-NL4P8g_A,Can AI Break Free from Hallucinating?,"Sep 16, 2025",671,15716,2.67,583,0:02:28,22.21,0
RsRCOEUOTrQ,Ilya Sutskever Interview on Dwarkesh : What Comes After LLMs?,"Dec 4, 2025",742,15565,2.27,605,0:02:19,18.74,0
fzdjg2egUh4,Chat GPT Got Upgraded Again,"Sep 23, 2025",586,14781,4.03,807,0:01:56,19.94,0
ib9FECi5TWU,Open AI Shipped Their Most Dangerous Model But Anthropic Refused,"May 11, 2026",872,13677,6.74,1250,0:02:53,19.92,0
jOGjOoFvxVw,LeCun Says LLMs Are Stuck. Here's What's Next,"Feb 11, 2026",260,13523,4.26,894,0:01:52,43.44,0
j0gJ3gKEzpM,Infinite Talk: Unlimited AI Lip Sync 🤯 | #shorts,"Sep 10, 2025",27,13061,2.11,1163,0:00:20,77.05,0
MWIdHQ8TZFg,"Grok 2.5, DeepSeek 3.1 & Mind-Blowing 3D Generators","Sep 2, 2025",631,11383,2.86,446,0:01:34,15.03,0
jsdhMROiiuI,Notion AI Agents Are Here,"Sep 30, 2025",679,10294,2.75,409,0:02:13,19.7,0
l058A210jJI,What is GPT 5 Codex? Open AI’s latest upgrade,"Sep 25, 2025",99,10264,1.97,1498,0:00:48,49.49,0
llo_nlhJaVk,Did Google Just Kill OpenClaw?,"May 20, 2026",439,9900,1.85,322,0:02:40,36.58,0
VXWkxdOgoCs,Google Paid $2.4B for Antigravity. Here's Why.,"Nov 27, 2025",789,9212,3.5,621,0:02:31,19.19,0
hDR9lBMeDWo,HTML to Markdown Is Changing How AI Reads the Internet,"Apr 9, 2026",1000,8999,4.19,698,0:02:56,17.67,0
hbrYsvGLkIM,The Week AI Got Expensive,"May 3, 2026",552,8692,4.11,495,0:01:59,21.68,0
bwPksKU_ihM,Why OpenAI Made a Browser,"Oct 28, 2025",833,8670,3.31,434,0:03:29,25.19,0
ckY6hCQ47ZI,94% of Enterprises Have an AI Infrastructure Problem (Most Don't Know It),"Mar 25, 2026",894,8019,2.71,345,0:01:45,11.79,0
HYUWLS9zezM,Open AI's Dev Day: Reflections and Full Breakdown,"Oct 14, 2025",878,7676,2.8,291,0:02:41,18.42,0
WdRyjz5C8s4,Did Open AI Just Kill Shopping? Plus SORA 2 breakdown,"Oct 8, 2025",745,7339,2.81,328,0:01:53,15.19,0
hjlfjkCvy0k,Why Is Apple Giving Your Mum an AI Agent?,"Jun 12, 2026",433,7270,2.19,228,0:01:50,25.51,0
kFW2CbR9ALo,AI 2025 - What Just Happened?,"Dec 27, 2025",703,7019,1.92,231,0:02:10,18.51,0
kb3OfVFDMCA,The Biggest Problem With AI Agents Nobody's Talking About,"Oct 30, 2025",893,6647,3.64,409,0:02:20,15.74,0
y5p6tHVDRaQ,5 Ways You Can Use AI at Work (That Weren't Possible Last Year),"Dec 19, 2025",778,6440,2.53,267,0:02:43,20.98,0
 -he2vwJ8Gtg,The Internet Wasn't Built For AI Agents (Here's What's Coming Instead),"Oct 21, 2025",496,6374,5.91,507,0:01:47,21.77,0
SQxtC1cadJs,AI Dependency Is Making You Worse — Here's What the Data Shows,"Mar 21, 2026",691,6239,2.52,327,0:02:26,21.24,0
fL6C-L1wc8k,GPT-5 Launch + OpenAI’s First Open-Source Model,"Aug 26, 2025",691,6124,2.14,314,0:01:45,15.24,0
0o8nbuG3kd8,Did Google’s Gemini Flash 2.5 Kill LoRA? Insane Demo and breakdown,"Sep 9, 2025",627,5652,2.72,304,0:01:44,16.59,0
NVeWsJzrieg,Make $35K With This Open Source Legal Chat Bot (Full Walk Through),"Oct 10, 2025",856,5554,4,340,0:01:41,11.84,0
uDuSHL-B0Q8,Everyone's Wrong About Anthropic,"Jan 19, 2026",975,5464,1.54,158,0:02:15,13.91,0
oVVhy8Vo7Mk,Stop Panicking About Claude Mythos,"Apr 20, 2026",843,5341,2.47,259,0:02:24,17.16,0
d-HwyVNTxKc,Is Scaling AI About to Hit a Wall?,"Dec 10, 2025",490,4838,2.63,249,0:01:47,21.84,0
5Ij_40TnrU0,Could the Internet Go Offline? (What CrowdStrike Taught Us),"Jan 26, 2026",821,4441,1.44,428,0:02:33,18.69,0
B6KJKBUXxgE,Why Gen Z Hates Folders,"Jan 12, 2026",1100,4401,1.77,197,0:02:36,14.23,0
pTHq_1V7pRc,AI's Next Frontier Is in Space (And It's Already Happening),"Nov 11, 2025",693,4120,3.06,188,0:01:32,13.33,0
e-zccAdSeH0,제일 위험한 디도스 공격은?,"Feb 28, 2025",61,3962,3.91,594,0:01:12,118.89,0
jAtQY6e16G4,"Opus 4.8 Can Now Spin Up 1,000 Agents","Jun 1, 2026",418,3177,1.98,124,0:01:48,25.93,0
VpTBidVdrns,"Interview at Nokia stand, GTC: Houman Modarres (Nokia), Clara Ulken and Johann Ruiz (Gcore)","Apr 1, 2026",429,2987,2.58,115,0:01:01,14.3,0
5GB_92US808,How to Build a Second Brain With AI,"Jun 16, 2026",514,2972,1.95,106,0:02:20,27.38,0
2kmRpCTkuno,1  in 5 Packages Your AI Recommends Don't Exist,"Jun 21, 2026",294,2865,2.13,119,0:01:39,33.76,0
6oFZrV_X_C0,I Tested 3 OpenClaw Alternatives. Here's What Happened,"Feb 22, 2026",1056,2838,1.87,317,0:02:09,12.31,0
8dQfCodEBko,Chat GPT's Latest Feature Shows Why 2025 is the Year of Agents,"Oct 16, 2025",43,2816,1.03,1139,0:00:16,39.24,0
FBpAMjEXt-c,How to Create a Fully Secure Open Source Chat GPT (GPT OSS) #Gcore,"Sep 24, 2025",62,2755,0.73,172,0:00:25,40.76,0
RndXp4Hk5Kg,"Andre Reitenbach, CEO & Co-Founder of Gcore | Interview at Nokia Stand – MWC 2026","Mar 4, 2026",239,2401,2.71,144,0:01:16,32.06,0
zvzNUYG681Q,Beyond the Edge | Gcore Podcast | Episode #1,"Feb 16, 2026",1004,2316,3.84,261,0:02:21,14.06,0
5IpyUj6q3rk,Nvidia's $5 Trillion Valuation Isn't About Better Chips,"Nov 21, 2025",703,2289,2.93,88,0:01:45,14.97,0
2qMbCanY1Ao,Webinar: Modern DDoS Threats & Multi-Layered Mitigation Tactics,"Sep 22, 2025",1780,2224,1.39,61,0:02:43,9.21,0
FX4oi1hJruU,"G-Core Labs Cloud ecosystem guide by Seva Vayner, Director of Edge Cloud","May 30, 2022",164,2121,3.91,149,0:00:46,28.22,0
8p5WRzoFJJw,Fixing AI Hallucinations with RAG | #Shorts,"Sep 17, 2025",20,2027,1.58,862,0:00:11,58.45,0
dcBdwXIdf6U,Introducing Managed NVIDIA Dynamo on Gcore,"Feb 25, 2026",104,2025,1.98,104,0:00:40,39.17,0
Oe_OIhWUEkY,The Narrative Is Wrong: Europe Isn't Behind in AI,"Mar 13, 2026",606,1980,3.23,227,0:02:14,22.2,0
GhilXpQERJI,"Marika Mentula, VP Network Infrastructure at Nokia | Interview at Gcore Booth | MWC 2026","Mar 13, 2026",113,1976,2.18,87,0:00:48,42.77,0
V1oqYDbhv8I,G-Core Labs: CDN and personal Control Panel overview,"Jun 25, 2021",217,1951,7.74,505,0:00:58,27.18,0
 -huL52yHfqg,Meta Says Transformers Need to Make Choices First.,"Nov 20, 2025",93,1924,2.03,874,0:00:37,40.55,0
_dUrKzrT7Pw,월 2만원이면 중소기업 서버를 다운시킨다?,"Feb 28, 2025",54,1770,1.81,99,0:00:30,56.53,0
r4r-Plxroy4,GPT-5 Tackles AI Hallucinations | #Gcore #Shorts,"Sep 16, 2025",20,1745,1.2,2667,0:00:17,88.46,0
vN4IfmQLaq0,OpenClaw for Free — But With Enterprise Security (Here’s How),"Apr 15, 2026",874,1687,4.8,214,0:02:01,13.95,0
SHFxBwYzid8,Anthropic have just solved MCP security concerns with this BIG announcement,"Oct 2, 2025",37,1661,1.75,777,0:00:15,42.45,0
0sLZZjJWOtM,We Asked OpenAI's Agent Kit to Get Our Inboxes to Zero,"Nov 18, 2025",104,1647,2.25,1119,0:00:45,43.74,0
s7Q_JIzdzL4,AI Agents Can Now Pay For Things - Should We Let Them?,"May 25, 2026",495,1621,2.28,99,0:01:41,20.46,0
rreAfPvE_iA,We Let Google's New AI Browse the Web For Us. Here's What Happened.,"Nov 10, 2025",119,1608,1.18,278,0:00:22,19.3,0
LETlb6JjFnA,Secure your Digital Sovereignty with Gcore Cloud,"May 24, 2023",40,1602,3.43,70,0:00:21,54.29,0
03KnXczNMgw,Google’s Nano Banana Can Do This 🤯 | #shorts #gcore,"Sep 9, 2025",17,1567,2.11,1690,0:00:14,84.81,0
DlndrJb9Ml8,"Europas Souveränität: Gigafactory, AI & Quantum | Dr. Philipp Rösler (Gcore)","Sep 16, 2025",263,1534,2.54,61,0:01:05,24.77,0
6FZfqGgyBBw,[하이라이트] 디도스 공격 동향 분석,"Feb 25, 2025",924,1357,1.18,18,0:00:09,0.99,0
0YhAX3bu-2o,AI Unlocked: Luxembourg’s Path to the Future,"Dec 2, 2025",2354,1347,1.86,94,0:03:49,9.76,0
MPBFKECvyKU,Grok Code Fast Challenges Smaller GPT 5 Models | #shorts,"Sep 9, 2025",29,1343,0.89,973,0:00:16,56.83,0
mw8BTcu3HSc,Your MCP Calls Might Not Be Safe - Here is Why,"Sep 29, 2025",57,1315,1.44,180,0:00:27,47.43,0
EaEd7hzlRRk,Gcore on turning your GPUs into a private AI cloud: KubeCon + CloudNativeCon Europe 2026,"Apr 21, 2026",649,1315,2.43,74,0:02:17,21.26,0
m5Ca7bS28U8,E-Commerce Success: Why Infrastructure is the Foundation | Christoph Lipke | Gcore,"Mar 9, 2026",1435,1302,1.69,52,0:01:53,7.91,0
pI0vWw690oE,Celebrating 12 Years of Gcore 🎂,"Feb 27, 2026",62,1267,2.13,65,0:00:52,85.3,0
5cBTEg3ExZo,[하이라이트] 디도스 공격 패턴 분석 및 방어전략,"Feb 25, 2025",924,1255,1.67,57,0:02:37,17,0
 -P9BAAWec58,"Interview at Gcore booth, GTC: Mae Wang (TD SYNNEX), Clara Ulken and Fabrice Moizan (Gcore)","Apr 1, 2026",702,1251,2.4,68,0:02:10,18.56,0
CZRxoDUW5RU,AI Restores My Great-Great-Grandfather’s Photo 🖼️ | #shorts,"Sep 10, 2025",31,1249,0.64,1143,0:00:13,44.8,0
lvHMubuQVgQ,AI Unlocked - Start-Up Event: Luxembourg’s Path to the Future,"Dec 2, 2025",83,1209,2.23,39,0:00:42,51.51,0
pQnIcq0LIgY,Cursor 2.0 Built This Quiz in 30 Seconds,"Nov 17, 2025",117,1202,2.41,957,0:00:39,33.81,0
Ib7ptnbWdio,Cloud: G-Core Labs platform review,"Sep 14, 2021",240,1196,5.1,116,0:01:08,28.44,0
iuzjJLazvso,Could GPT-5 Be Your Next Tax Advisor? | #Shorts #Gcore,"Sep 19, 2025",25,1192,1.34,1397,0:00:17,68.74,0
6M2Q1mWu298,Interview mit Prof. Dr. Feiyu Xu: Warum Europa jetzt vorangehen muss,"Sep 16, 2025",177,1151,1.39,187,0:00:52,29.86,0
JlrYzr4IWDg,Nano Banana + Genie 3: Google’s Next AI Move? 🌍 | #shorts,"Sep 9, 2025",26,1120,1.07,1197,0:00:14,54.5,0
A1Cye_TDxRI,Gcore at TechRiders 2025: Powering the Next Generation of Innovation,"Oct 29, 2025",181,1116,2.87,47,0:01:04,35.65,0
ievlXmQhO4Y,2025 디도스 전쟁: 디도스 공격 패턴 분석과 방어전략,"Feb 19, 2025",3772,1090,0.73,54,0:03:11,5.07,0
M5_pRl3kqLA,Gcore @ ICE Barcelona 2026,"Jan 26, 2026",122,1087,2.85,99,0:00:53,44.01,0
uYEJrL_n5QQ,지코어는 L7까지 커버한다!!!,"Mar 4, 2025",66,1085,1.38,73,0:00:14,21.69,0
TJ5Ixwp-59c,"If You Make AI Content, This New Law Is About You","Jun 9, 2026",398,1078,2.23,89,0:02:10,32.81,0
Oe94SJtQEEk,Why RLHF Doesn’t Stop AI Hallucinations | #Shorts,"Sep 19, 2025",30,1049,0.38,647,0:00:11,39.18,0
0li_qA84yFw,Mistral LLM Adds MCP + Connectors 🔒 | #shorts,"Sep 9, 2025",11,1042,0.67,1519,0:00:08,79.3,0
UhIUbYq66Wk,Powering E-Commerce: The Role of AI & Cloud Infrastructure | E-Commerce Expo Berlin 2026,"Mar 5, 2026",174,1017,2.06,77,0:00:56,32.73,0
h6syibu7iAk,When GPT-4 Got History Wrong | Gcore #Shorts,"Sep 18, 2025",21,975,0.72,2637,0:00:22,106.22,0
aTRhcPP8Q5M,From Gaming to Global: The Evolution of Gcore #shorts,"Jun 21, 2023",27,942,0.96,46,0:00:20,75.71,0
ZgUEKE1THMU,AI Turns a Single Photo into a 3D World 🌍 #shorts,"Sep 3, 2025",20,923,2.06,1249,0:00:13,66.42,0
TqhNQDlVeUU,Are We Measuring AI Accuracy Wrong? | #Shorts,"Sep 18, 2025",12,912,0.55,959,0:00:11,95.44,0
YhKOez76qtw,Gcore - AI Cloud Infrastructure,"Oct 3, 2023",15,901,1.44,17,0:00:09,61.15,0
6-PencuKRAY,Webinar | From DDoS Protection to WAAP: How Layered Protection Enhances Your Cybersecurity Strategy,"Sep 9, 2024",3082,866,3.93,59,0:04:10,8.12,0
hXNkFAiEFM8,Gcore: Wir verbinden die Welt mit KI,"Jan 17, 2025",279,866,0.81,38,0:01:08,24.4,0
gUyPxuL2SCo,Gcore - Function-as-a-Service (FaaS),"Oct 3, 2023",15,862,3.36,33,0:00:12,80.2,0
NrtISiADG0k,ElevenLabs Just Leveled Up AI Sound FX 🎶 | #shorts,"Sep 9, 2025",25,859,0.47,128,0:00:14,56.66,0
jfVTMSrxB1s,Gcore Basic - Now only from €3.20!,"Sep 8, 2023",15,849,3.53,35,0:00:10,71.2,0
Pf7Cd5iZbs4,Gcore at IBC 2024 - Aftermovie,"Sep 23, 2024",54,844,2.25,61,0:00:24,44.61,0
EvA_8s8Z-7w,Ultra-fast services from G-Core Labs | CDN. Hosting. Security,"Oct 4, 2017",64,834,3.48,52,0:00:25,39.38,0
919TGGhdOsw,Gcore Powering Orange Wholesale #shorts #shortsvideo #cdn #artificialintelligence,"May 28, 2024",28,818,0.24,26,0:00:12,43.84,0
_mrJupJRNEg,Gcore Radar Attack Trends Q3‑Q4 2025,"Mar 30, 2026",41,804,1.74,111,0:00:18,45.05,0
eR-QPxHFDjw,Gcore FastEdge Tutorial | Server-side Rendering with FastEdge,"Jul 3, 2024",150,794,3.53,84,0:00:55,37.28,0
kf3GKVmquhE,CEDEC2024 – Gcore セッションビデオ（ダイジェスト版）,"Nov 11, 2024",53,785,0.64,6,0:00:09,17.32,0
upQ_Dus95Kg,CEDEC2024 – Gcore セッションビデオ（全編）,"Nov 10, 2024",1572,766,0.65,7,0:04:34,17.45,0
bchhRkyKzPg,[C-Cloud2024] 지코어와 함께하는 AGI 혁신,"Jul 2, 2024",1668,756,0.79,10,0:04:43,16.99,0
_3A0da5NNn0,Gcore on multi-cloud reality: KubeCon + CloudNativeCon Europe 2026,"Apr 21, 2026",284,736,2.72,36,0:01:04,22.84,0
thV0HzucrLI,How G-Core Labs Cloud and Supermicro help to keep data safe,"Mar 2, 2022",355,736,1.36,23,0:01:00,17.04,0
B8kFELGogJg,Gcore Cloud Expo Europe 2023 #shorts,"May 24, 2023",51,716,0.98,29,0:00:18,36.91,0
Pnyl_90-T3Y,Gcore Basic - The Smallest Things Make a BIG Difference! 🦄,"Sep 8, 2023",16,677,2.36,23,0:00:11,70.56,0
JnR36u4GBVY,Gcore at Gamescom 2022,"Sep 5, 2022",238,654,2.6,28,0:00:32,13.65,0
yVfTrHpre0w,Gcore auf der IBC 2024 - Aftermovie,"Sep 25, 2024",74,640,2.03,18,0:00:23,31.97,0
h2-Z3CrEDPA,Gcore at Gamescom 2024 - Aftermovie,"Aug 28, 2024",76,637,1.1,12,0:00:39,52.12,0
 -VVW0ap6q-I,"AI Summit Seoul - Keynote speech by Fabrice Moizan, CRO of Gcore","Sep 25, 2023",1828,622,0.96,16,0:02:08,7.05,0
iqbyW2HdW7w,How to Navigate the Evolving DDoS Attack Landscape,"Apr 12, 2024",1895,610,2.13,17,0:04:02,12.78,0
Ra03CkzuGCE,Gcore Edge Cloud,"Aug 7, 2023",69,603,6.47,64,0:00:32,46.74,0
zkXFK37WEqQ,Gcore FastEdge Tutorial | Smart Device Control,"Jul 8, 2024",208,602,2.66,148,0:00:32,15.54,0
9AyH1KcxNH0,"Media platform by G-Core Labs: live, VOD","Sep 23, 2019",56,594,2.36,19,0:00:27,48.57,0
OuQMyE-uumo,Tutorial - How to Create a Baremetal Server,"Jan 26, 2023",85,561,4.28,32,0:00:31,37.33,0
iyZi8hdIZ5c,Gcore at VivaTech 2024 #shorts #artificialintelligence #shortsvideo,"May 28, 2024",30,557,0,22,0:00:21,71.67,0
kYTG7IoolJk,Andre Reitenbach (CEO of Gcore) & Fabrice Moizan (CRO of Gcore) Interview at AI Summit Seoul 2023,"Oct 25, 2023",1131,556,3.96,46,0:01:40,8.92,0
Z7yePwt03H4,CDN from G-Core | Global Content Delivery Network,"Mar 21, 2017",110,556,5.22,100,0:00:32,29.26,0
wyFOdHcLhQo,Gcore & Partners at Gamescom 2024,"Aug 29, 2024",52,551,1.09,18,0:00:27,53.45,0
TPpHGnT2O8I,Gcore at IBC 2024 Teaser,"Aug 6, 2024",30,541,0.92,13,0:00:16,54.24,0
cOGIpqFczY0,How Gcore's Edge AI is Changing the Game - Seva Vayner at WAICF 2024,"Feb 14, 2024",91,539,3.9,24,0:00:50,55.86,0
Cj_D5UCXLpQ,Next-Generation Telemedicine Platform by Gcore,"Mar 12, 2021",253,527,1.33,14,0:00:46,18.35,0
6AG0mJXnxmo,Gcore at Gamescom 2023 - Elena Simon introduces Game Tech Hub,"Aug 29, 2023",96,527,0.38,15,0:00:58,61.01,0
YpkI8HaTiTw,Gcore | AI-Powered Speech-to-Text Translation,"Feb 8, 2024",15,510,0.2,16,0:00:14,96.78,0
QHSi9-LfRrQ,GPT-5’s Smartest Upgrade Yet: Real-Time Reasoning 🧠 #shorts,"Sep 4, 2025",31,504,0.99,32,0:00:18,60.78,0
1vPLRkuSUvk,Gcore - Managed Kubernetes for Bare Metal Support,"Oct 3, 2023",17,504,2.98,21,0:00:13,76.75,0
osCDgVgTcH0,Gcore at VivaTech Paris 2024,"May 28, 2024",95,503,1.39,9,0:00:38,40.31,0
nQ6n2xBnltk,Gcore & Orange Wholesale | Security & Sovereignty at the Edge: Navigating the AI Revolution,"May 29, 2024",1413,503,0.4,13,0:04:42,19.98,0
qYyhW7O0XtE,Gcore at Forum Teratec 2024 Paris,"Jun 3, 2024",167,489,0.82,7,0:00:55,33.39,0
xOSLqNzuE0A,Gcore Streaming - AI Automated Speech Recognition for Video,"Mar 19, 2024",84,487,2.26,19,0:00:19,23.45,0
o99qBK5AGYI,Game Core - Data Center video,"Apr 26, 2016",486,485,6.6,99,0:01:55,23.7,0
RyJpkdwXrXk,"AI infrastructure as a Service powered by Graphcore and G-Core Labs. Live demo, Cloud Expo Frankfurt","May 24, 2022",1106,468,2.35,19,0:02:02,11.07,0
aJxePMM0H5I,Gcore WAICF 2024 Aftermovie: Shaping the Future of AI at the Edge,"Feb 13, 2024",70,449,0.89,5,0:00:13,19.47,0
jrfuF84-L-4,"GCORE - One Stop Cloud, Edge & AI Solutions","Oct 18, 2023",48,447,1.34,140,0:00:31,65.91,0
tDdOh-DwalU,Gcore CEO Announces NHN Cloud Partnership,"Jun 19, 2023",172,447,4.03,34,0:01:09,40.61,0
DxYkuvQw3vY,Case study: MoeVideo and G-Core Labs,"Jul 2, 2021",166,447,0.89,6,0:00:52,31.84,0
GqB5ghTfyZk,Partnering for the Future: Gcore and NHN Cloud #shorts,"Jun 21, 2023",33,443,0.68,23,0:00:12,36.8,0
GqADpi8Ekfo,G-Core Labs Webinar: How to choose a CDN provider in 2021,"Apr 23, 2021",3750,426,1.88,22,0:02:31,4.05,0
K36ddtx_liM,Gcore Community Event in Luxembourg I From Cloud to Sovereign AI: Is Europe Ready for Its Own AI?,"May 19, 2026",3725,424,4.25,56,0:05:24,8.71,0
UuJWTF0iLhI,Gcore at Gamescom 2023 - What is Game Tech Hub?,"Aug 29, 2023",61,417,2.88,131,0:00:35,58.38,0
7zCZ_g1RKrc,G-Core Labs Cloud: move to our cloud,"Jan 9, 2020",75,405,3.95,48,0:00:34,45.7,0
VJ8pv3JJTmw,Gcore at IBC 2023 Aftermovie,"Sep 19, 2023",87,389,1.03,5,0:00:37,43.33,0
vJ1RpIxGzeM,Gcore - AI Inference at the Edge,"Feb 21, 2024",70,386,2.07,15,0:00:40,58.28,0
xczK0enXZys,Case study: Aggregion and G-Core Labs,"Dec 10, 2020",175,378,2.65,12,0:00:22,12.61,0
Xe1Sme2DPXE,Tutorial - How to Create a Virtual Machine in Cloud,"Jan 26, 2023",128,375,10.13,79,0:00:45,35.54,0
WVDu_01z-TM,[CCI 2023]지코어의 Edge AI 서비스: 미래 AGI를 현실로 만드는 혁신적인 여정,"Dec 6, 2023",1541,371,0,1,0:00:11,0.75,0
PgxNWqtovUE,"Gcore at VIVATech 2024 ""Data Sovereignty at the Edge"" #shorts #shortsvideo #artificialintelligence","May 30, 2024",35,369,0,15,0:00:12,36.58,0
l5SoTEiVKFE,Gcore at Game Dev Cyprus 2023 (GDCy 2023),"Jun 21, 2023",90,334,2.69,18,0:00:32,36.33,0
vBADV1zK26k,Speech-to-Text AI-Powered Translator,"Jul 5, 2023",66,327,2.75,11,0:00:30,45.52,0
ApgYFLVtLHk,Go global faster with G-Core Labs. Even during lockdown.,"Apr 20, 2020",31,321,1.87,8,0:00:21,70.56,0
QYeqwKtO3sk,Gamedev insights 2022: challenges and solutions when scaling your product regionally and globally,"Apr 29, 2022",2953,318,1.26,7,0:00:46,1.58,0
rlL-epWgO0k,How to strengthen protection of sensitive data in G-Core Labs Public Cloud with Intel® SGX,"Sep 23, 2021",207,314,1.91,9,0:00:32,15.63,0
cYX0l8Cbwqw,Gcore and Graphcore at Cloud Expo Europe Frankfurt 2022,"May 24, 2022",150,304,0.99,6,0:01:30,60.15,0
ww8P9q1J7gs,G-Core Labs participation at DevCom conference 2021,"Oct 4, 2021",1141,298,1.68,7,0:00:34,2.99,0
UVUBS2VMeEU,Presenting Game Tech Hub at Gamescom 2023 #shorts #shortsvideo #gamescom #gamescom2023,"Sep 1, 2023",41,273,0.73,15,0:00:13,33.2,0
PyyhjNLgAuY,"Webinar - IPU Cloud: how to build, train and deploy your ML models","Feb 16, 2023",1956,269,1.86,7,0:01:48,5.52,0
HzQ4yQGDEaw,Our partner @thegdwc at our @gamescom.global booth! #shorts #shortsvideo #gamescom2023,"Sep 5, 2023",18,259,0.39,10,0:00:14,77.95,0
ruPVQV3ZJfw,Gcore: Curamedon White-Labeled Teleconsultation Platform,"Oct 29, 2021",370,256,1.17,8,0:02:44,44.55,0
6UwJusWuHVk,What's in Gcore's Game Tech Hub at Gamescom 2023? #shorts #shortsvideo #gamescom2023 #gamescom,"Sep 4, 2023",25,248,0.4,11,0:00:19,77.55,0
LIucBL7Ovqw,We will not leave you on your own | How technical support works,"Jan 12, 2022",167,247,5.26,24,0:00:51,30.96,0
WgEYkEfO7k8,How bare metal service helps businesses to save money on expensive servers,"Nov 3, 2021",150,238,2.52,7,0:00:29,19.79,0
puwHaSY5a7c,Gcore at ICT Spring Luxembourg 2023,"Jul 5, 2023",98,231,2.6,8,0:00:34,34.96,0
PeBTZYqYP00,Gcore powered by Intel at Cloud Expo Europe Frankfurt (2023),"May 16, 2023",60,231,1.3,4,0:00:30,50.61,0
DXIJOEv0JAg,Case study: GetCourse and G-Core Labs,"Dec 24, 2020",210,227,0.44,9,0:00:24,11.6,0
fEXkz4mi4Bk,Case study: Clean Traffic and G-Core Labs,"Jun 24, 2021",167,218,2.29,5,0:00:44,26.71,0
40bQzB5Rh7o,SuperProtocol x Gcore AMA — Twitter Spaces,"May 29, 2023",2978,201,0,,,,
WUCgXF_xjk8,ITalks: how IT infrastructure is changing in retail and X5 Group / Interview with Sergey Kolesnikov,"Dec 15, 2021",2745,200,2.5,6,0:02:00,4.4,0
ws-Jch1TtEg,G-Core Labs Webinar: How to Choose a Cloud Service Provider in 2021,"Apr 1, 2021",3736,198,2.02,9,0:01:14,2,0
h0hTW56fcBI,G-Core Labs auf der Cloud Expo Europe 2022,"Jun 10, 2022",106,197,1.52,4,0:00:08,7.71,0
OjeQp31MGVc,Gcore at Cloud Expo Europe Frankfurt 2023,"May 23, 2023",121,187,3.21,7,0:00:56,46.82,0
VTxJCvjfBAY,How AI Platform accelerates full cycle machine learning,"Feb 22, 2022",161,186,2.69,5,0:00:09,6.14,0
eGVMkpdQKpk,nLighten with Gcore at Gamescom 2023 #shorts #shortsvideo,"Sep 4, 2023",24,183,0.55,9,0:00:06,28.46,0
5nhhSjiCs5w,Webinar: “Protection of sensitive data in the cloud with Intel®️ SGX technology”,"Oct 4, 2021",3632,183,0,3,0:00:14,0.39,0
gQRDd_8NBYo,Case study: MoeVideo und G-Core Labs,"Jul 2, 2021",160,178,0,,,,
YXFgEJ_TA8M,So stärken Sie den Schutz wichtiger Daten in der G-Core Labs Public Cloud mit Intel® SGX,"Sep 23, 2021",193,175,3.43,6,0:00:50,26.32,0
a8iFB5D9iww,Case study: TEDx and G-Core Labs,"May 14, 2021",196,175,1.14,3,0:00:11,5.86,0
yv3i_NWu0aM,Wie eine AI-Plattform den gesamten Machine-Learning-Zyklus beschleunigt,"Mar 11, 2022",168,169,1.18,2,0:01:28,52.51,0
9jOfKjQ-R_Q,Nitrado on how to handle spikes in data loads and expand to exotic countries,"Apr 29, 2022",162,169,1.18,4,0:00:20,12.78,0
H4Rj3dEWqXg,How Managed Kubernetes saves money on IT infrastructure,"Dec 6, 2021",130,167,0,,,,
rHA3DVbIkEM,Webinar: Top 10 сloud use cases for business growth in 2021,"Jul 5, 2021",5170,167,1.8,4,0:00:09,0.18,0
2vESwdX49LU,ITalks show #1,"Dec 30, 2020",1138,166,3.61,8,0:00:11,0.97,0
3NIBdZxbv_4,Gcore auf der Gamescom 2022,"Sep 5, 2022",167,158,0,,,,
9OPgoerxfHg,The Hidden Debt Behind Every Line of AI Code,"Jun 28, 2026",438,151,3.31,11,0:02:58,40.65,0
kIkpPmujuPA,Case study: TEDx und G-Core Labs,"May 14, 2021",196,140,0.71,2,0:00:08,4.37,0
jkW509LsZaA,Did Open AI Just Kill Shopping? Plus SORA 2 breakdown,"Oct 7, 2025",760,138,3.62,6,0:00:51,6.83,0
gtGNWJaT95o,Case study: Clean Traffic und G-Core Labs,"Jun 24, 2021",164,138,0.72,1,0:00:18,11.47,0
fGK1OFacP40,Case study: Aggregion und G-Core Labs,"Dec 10, 2020",175,134,2.24,3,0:00:18,10.44,0
j8y-9W3JtOk,G-Stream | MEDIA PLATFORM by G-Core Labs,"Mar 5, 2018",132,49,8.16,16,0:00:34,26.13,0
F4LRRsiRk-U,API and Web Application Security on the Edge for FinTech,,2875,26,7.69,2,0:23:30,49.05,0
3nkGBoHDuNw,Gcore - Virtual Machines Black Friday Sale,,22,1,0,,,,
0kQPJb4xR1c,Gcore - Bare Metal Black Friday Sale,,18,1,0,,,,
RzrDQWEQzGw,Gcore - DDoS Protection Black Friday Sale,,21,1,0,,,,
D0h4Z54aa5Y,Gcore - Video Streaming Black Friday Sale,,21,1,0,,,,
yXc-XmiJKeA,Gcore - Managed Kubernetes Black Friday Sale,,19,1,0,,,,
nC-E2fEGOUs,G-Core Labs #6th Anniversary,,215,1,0,,,,
_Tl_6S1u7ew,Gcore - CDN Black Friday Sale,,19,1,0,,,,
5CCm4uBXr3Y,2. Anycast is non-negotiable,,36,0,,8,0:00:12,34.04,0
JvhOS0A9VbE,1,,15,0,,2,0:00:12,81.87,0
HVPpbFLGYu0,"1. DDoS is a capacity war, not a traffic spike",,41,0,,31,0:00:13,32.2,0
rC8vm70EvH8,How to WAAP Quickstart,,703,0,,20,0:00:31,4.41,0
UZoNP4QFd1c,5. The future of gaming is AI at scale,,35,0,,2,0:00:30,88.27,0
91TqAm4EKfY,3. Why always-on cloud defense beats on-demand protection,,29,0,,7,0:00:14,48.82,0
jN90bg5wovU,Black Friday 2022 Promo,,34,0,,,,,
EZUdzlpyyDU,Dashboard setup: EN,,159,0,,38,0:00:53,33.67,0
PuOGsyfOJPg,1_Location is everything: edge over cloud,,21,0,,7,0:00:16,77.65,0
T5CNq-MULMo,A developer’s guide to Gcore MCP,,337,0,,17,0:01:23,24.79,0
uCMz77dqpiM,2_Edge AI also keeps costs down,,27,0,,9,0:00:13,49.15,0
7QlHCMNguII,1. Rising costs are threatening game development,,27,0,,3,0:00:10,39.47,0
mH5NUqmn_XI,"3. The challenge of secure, scalable AI adoption",,21,0,,2,0:00:01,7.76,0
lchDmwmGwnM,4. Gcore Everywhere Inference reduces compute costs,,41,0,,1,0:00:11,27.9,0
g7iAGRgAO2Q,3_ Private Edge: control over convenience,,20,0,,1,0:00:07,36.44,0
SOPt3qhVO5M,"2. AI is revolutionizing GameDev, even without a perfect use case",,51,0,,3,0:00:02,4.84,0
1slAW6QoNZ4,4_Private edge deployments,,21,0,,1,0:00:08,39.14,0
GKq7Z3I_IOo,How to protect login pages with Gcore WAAP walkthrough,,194,0,,19,0:00:50,26.13,0
